{
  "dataset": "imdb",
  "dataset_path": null,
  "seed": 42,
  "vectorizer": "tfidf",
  "model": "linearsvm",
  "max_features": 20000,
  "ngram_max": 2,
  "replace_number": false,
  "drop_punct": false,
  "splits": {
    "train": 40000,
    "val": 5000,
    "test": 5000
  },
  "val": {
    "accuracy": 0.913,
    "macro_f1": 0.91299999652,
    "weighted_f1": 0.9129999965199999,
    "labels": [
      "negative",
      "positive"
    ],
    "classification_report": {
      "negative": {
        "precision": 0.9128348660535786,
        "recall": 0.9132,
        "f1-score": 0.9130173965206959,
        "support": 2500.0
      },
      "positive": {
        "precision": 0.9131652661064426,
        "recall": 0.9128,
        "f1-score": 0.9129825965193039,
        "support": 2500.0
      },
      "accuracy": 0.913,
      "macro avg": {
        "precision": 0.9130000660800106,
        "recall": 0.913,
        "f1-score": 0.91299999652,
        "support": 5000.0
      },
      "weighted avg": {
        "precision": 0.9130000660800106,
        "recall": 0.913,
        "f1-score": 0.9129999965199999,
        "support": 5000.0
      }
    }
  },
  "test": {
    "accuracy": 0.9098,
    "macro_f1": 0.9097920292237022,
    "weighted_f1": 0.9097920292237023,
    "labels": [
      "negative",
      "positive"
    ],
    "classification_report": {
      "negative": {
        "precision": 0.9176518548715858,
        "recall": 0.9004,
        "f1-score": 0.908944074298405,
        "support": 2500.0
      },
      "positive": {
        "precision": 0.9022379269729093,
        "recall": 0.9192,
        "f1-score": 0.9106399841489994,
        "support": 2500.0
      },
      "accuracy": 0.9098,
      "macro avg": {
        "precision": 0.9099448909222476,
        "recall": 0.9097999999999999,
        "f1-score": 0.9097920292237022,
        "support": 5000.0
      },
      "weighted avg": {
        "precision": 0.9099448909222476,
        "recall": 0.9098,
        "f1-score": 0.9097920292237023,
        "support": 5000.0
      }
    }
  },
  "generated_at": "2026-04-19T15:35:26.709752+00:00",
  "notes": "Split trước, fit vectorizer trên train, evaluate trên val/test để tránh leakage."
}